Date,Open,High,Low,Close,Volume,NASDAQ ,NYSE ,S&P 500,FTSE100,NIKKI225,BSE SENSEX,RUSSELL2000,HENG SENG,SSE,Crude Oil,Gold,VIX,USD index,Amazon,Google,Microsoft,MA7,MA21,MACD,20SD,upper_band,lower_band,EMA,logmomentum,absolute of 3 comp,angle of 3 comp,absolute of 6 comp,angle of 6 comp,absolute of 9 comp,angle of 9 comp
2010-07-30,9.138928,9.275,9.103572,9.1875,448210000,2254.699951,6998.990234,1101.599976,5258.02,9537.299805,17868.28906,650.890015,21029.81055,2637.50293,78.949997,1181.699951,23.5,81.54,117.889999,117.889999,25.809999,9.278775428571427,9.105357095238096,-0.05022519097677147,0.18288518340701812,9.471127462052133,8.73958672842406,9.211010812279724,2.1026086009613705,10.692247426008342,-0.01898626898969153,10.73270940744307,-0.005429472019684939,10.564209750387834,-0.00047780816485989085
2010-08-02,9.301429,9.378214,9.272142,9.351786,428055600,2295.360107,7174.899902,1125.859985,5397.11,9570.30957,18081.21094,661.859985,21412.78906,2672.516113,81.339996,1183.400024,22.01,80.94,120.07,120.07,26.33,9.293214285714285,9.128095190476191,-0.047483531899699116,0.1759037345338586,9.479902659543908,8.776287721408474,9.304860937429567,2.1224754082066544,10.540308460858636,-0.019564973393624858,10.460438873674024,-0.0038584795057890627,10.228149285552092,-0.00030448113352354856
2010-08-03,9.321786,9.402143,9.265,9.354643,417653600,2283.52002,7146.990234,1120.459961,5396.48,9694.009766,18114.83008,655.659973,21457.66016,2627.001953,82.550003,1185.199951,22.629999,80.6,122.419998,122.419998,26.16,9.303367428571429,9.153588428571428,-0.047158293940562146,0.17037813399824525,9.494344696567918,8.812832160574938,9.33804897914354,2.122817432229604,10.389255045680791,-0.019841603085199163,10.19422623737463,-0.0019501146808242522,9.917125491813852,-7.438449722101401e-05
2010-08-04,9.387143,9.438571,9.296785,9.392143,420375200,2303.570068,7182.140137,1127.23999,5386.16,9489.339844,18217.43945,662.960022,21549.88086,2638.521973,82.470001,1193.699951,22.209999,80.89,127.580002,127.580002,25.73,9.322244999999999,9.177993238095237,-0.05279270100900746,0.17709508622372855,9.532183410542693,8.82380306564778,9.374111659714641,2.127295910986948,10.240114241061582,-0.019800853173128075,9.93885207066069,0.00018788426369867691,9.640479593486445,0.00018089361810192316
2010-08-05,9.3475,9.399285,9.305357,9.346429,289097200,2293.060059,7174.27002,1125.810059,5365.78,9653.919922,18172.83008,655.070007,21551.7207,2620.75708,82.010002,1197.199951,22.1,80.83,127.830002,127.830002,25.370001,9.310102142857144,9.183146333333333,-0.05445277109814661,0.18102716127821925,9.545200655889772,8.821092010776894,9.355656553238193,2.121833782717489,10.093904769761295,-0.019432063891169582,9.698614279101175,0.0024225856643891874,9.40497817148598,0.000422892876755635
2010-08-06,9.277857,9.338928,9.201072,9.288929,444897600,2288.469971,7153.720215,1121.640015,5332.39,9642.120117,18143.99023,650.679993,21678.80078,2658.39209,80.699997,1203.400024,21.74,80.41,128.320007,128.320007,25.549999,9.30566342857143,9.186547714285714,-0.049376078496988995,0.1815081776470064,9.549564069579727,8.823531358991701,9.311171517746047,2.1149207690038785,9.951626687998472,-0.018729855269156916,9.477199957092383,0.004603480379695403,9.214399727453978,0.0006125915162529229
2010-08-09,9.338572,9.3625,9.270357,9.348214,303128000,2305.689941,7188.299805,1127.790039,5410.52,9572.490234,18287.5,659.52002,21801.58984,2672.531982,81.480003,1200.699951,22.139999,80.71,128.830002,128.830002,25.610001,9.324234857142857,9.19017019047619,-0.04903845107503457,0.18527139026101802,9.560712970998226,8.819627409954153,9.335866505915353,2.122047623768993,9.814251021971899,-0.017694715501243834,9.277591181799036,0.006573108258823911,9.069381893657877,0.0007176567619501019
2010-08-10,9.280357,9.301785,9.198215,9.264643,451920000,2277.169922,7139.75,1121.060059,5376.41,9551.049805,18219.99023,646.359985,21473.59961,2595.272949,80.25,1196.199951,22.370001,80.8,130.0,130.0,25.07,9.335255285714286,9.193775619047617,-0.04616120661463441,0.17992262399050732,9.553620867028632,8.833930371066602,9.288384168638448,2.111986536147714,9.68270949002356,-0.016333508594087155,9.102007837987069,0.008179971058099702,8.967542370072492,0.0007188649606124187
2010-08-11,9.121428,9.131785,8.921785,8.935357,620054400,2208.629883,6902.709961,1089.469971,5245.21,9292.849609,18070.18945,620.390015,21294.53906,2607.49707,78.019997,1197.5,25.389999,82.29,125.889999,125.889999,24.860001,9.275765428571429,9.191037523809523,-0.04643541752414393,0.18569042054610677,9.562418364901736,8.81965668271731,9.053032722879479,2.071328343514532,9.557884446196613,-0.014659863302909772,8.95188777925345,0.009292435598473432,8.903860284668335,0.0006139773662085754
2010-08-12,8.810357,9.039286,8.79,8.9925,534920400,2190.27002,6881.939941,1083.609985,5266.06,9212.589844,18073.90039,616.97998,21105.71094,2575.475098,75.739998,1214.800049,25.73,82.64,126.559998,126.559998,24.49,9.224030714285714,9.189438857142857,0.004327578247284691,0.18495531300388832,9.559349483150633,8.81952823113508,9.012677574293159,2.0785036019518595,9.440599196463221,-0.012694403952751714,8.827901965164783,0.009811911773447006,8.871279566945436,0.0004180995376959028
2010-08-13,8.9875,8.995714,8.896071,8.896428,354869200,2173.47998,6861.040039,1079.25,5275.44,9253.459961,18167.0293,609.48999,21071.57031,2606.699951,75.389999,1214.900024,26.24,82.95,124.690002,124.690002,24.4,9.153214285714286,9.185442238095238,0.011040967786060563,0.1872860059288101,9.560014249952857,8.810870226237618,8.935177858097719,2.0664105053227484,9.331608852961136,-0.010464785259259857,8.730000079761842,0.009683471129005639,8.861474661179749,0.0001606422099935413
2010-08-16,8.842143,8.928928,8.807858,8.844286,318430000,2181.870117,6871.580078,1079.380005,5276.1,9196.669922,18050.7793,615.099976,21112.11914,2661.708008,75.239998,1224.5,26.1,82.53,126.07,126.07,24.5,9.081479571428572,9.181598714285714,0.03328225800622597,0.17898060390353523,9.539559922092785,8.823637506478644,8.874583286032573,2.0597853686587055,9.231591902140762,-0.008005498327576256,8.657480828538922,0.008902330307987566,8.86570360281924,-0.00012008233618167418
2010-08-17,8.931429,9.093928,8.9,8.998929,422640400,2209.439941,6959.790039,1092.540039,5350.55,9161.679688,18048.84961,626.299988,21137.42969,2671.893066,75.769997,1226.599976,24.33,82.23,128.860001,128.860001,24.709999,9.040051,9.192466047619048,0.0490550171889268,0.1788085333098182,9.550083114238685,8.83484898099941,8.957480428677524,2.0793076577177785,9.141142667491797,-0.005357423948384082,8.609080696136852,0.007515226210936513,8.87566564142499,-0.00038321005338138925
2010-08-18,9.012857,9.095357,8.985,9.038215,339696000,2215.699951,6968.080078,1094.160034,5302.87,9240.540039,18257.11914,628.039978,21022.73047,2666.301025,75.419998,1229.699951,24.59,82.22,129.649994,129.649994,24.82,8.995765428571428,9.194472857142857,0.052234850265737265,0.18054820717164488,9.555569271486148,8.833376442799567,9.01130347622584,2.08420704361654,9.06076484424645,-0.002567122024740532,8.583075243848423,0.005616514863347119,8.8842809906445,-0.0005913617081284027
2010-08-19,9.03,9.052857,8.881429,8.924286,426706000,2178.949951,6850.450195,1075.630005,5211.29,9362.679688,18454.93945,610.960022,21072.46094,2687.979004,74.43,1233.800049,26.440001,82.45,127.57,127.57,24.440001,8.947143,9.187057904761906,0.04273067786566642,0.1902356255569456,9.567529155875796,8.806586653648015,8.953291825408614,2.0699322210673547,8.990866270309382,0.00031413818188423873,8.577387685666066,0.003339632674624751,8.886318886807697,-0.0007155607320873493
2010-08-20,8.906786,9.068571,8.892858,8.915714,384230000,2179.76001,6813.149902,1071.689941,5195.28,9179.379883,18401.82031,610.780029,20981.82031,2642.306885,73.459999,1227.199951,25.49,83.06,127.760002,127.760002,24.23,8.944336857142856,9.171105523809523,0.05186956038934909,0.1977248800791211,9.566555283967764,8.775655763651281,8.928239941802872,2.0688498977293763,8.931755073623657,0.0032315844940622373,8.589700138749556,0.0008451782325797399,8.87881607587954,-0.0007386834460664473
2010-08-23,8.9925,9.0,8.758928,8.778571,414041600,2159.629883,6784.970215,1067.359985,5234.84,9116.69043,18409.34961,602.669983,20889.00977,2639.365967,73.099998,1226.900024,25.66,83.12,126.599998,126.599998,24.280001,8.913775571428571,9.147057904761905,0.034567180016583876,0.2142287822882229,9.57551546933835,8.718600340185459,8.828460647267624,2.051372645227236,8.883637301384276,0.006128344373665663,8.617563362083645,-0.0016928099251049134,8.861249484766027,-0.0006573757645483688
2010-08-24,8.666785,8.678572,8.523214,8.568929,602565600,2123.76001,6681.029785,1051.869995,5155.95,8995.139648,18311.58984,595.590027,20658.71094,2650.306885,71.629997,1231.800049,27.459999,83.15,124.529999,124.529999,24.040001,8.86699,9.114149761904763,0.05187479513987725,0.2382408107857519,9.590631383476266,8.63766814033326,8.655439549089209,2.024051577915747,8.84661609245292,0.008946986610410943,8.658500939585512,-0.004100804110883682,8.83545191983491,-0.00048245331359269173
2010-08-25,8.501429,8.713928,8.471429,8.674643,596867600,2141.540039,6696.120117,1055.329956,5109.4,8845.389648,18179.64063,604.869995,20634.98047,2596.580078,72.519997,1239.5,26.700001,83.26,126.849998,126.849998,24.1,8.842755285714286,9.078112333333333,0.09740046512318834,0.25004281182807825,9.57819795698949,8.578026709677177,8.668241849696402,2.03792177773344,8.82069240385106,0.011631132408738922,8.710103873339147,-0.006218638646966106,8.80528556140781,-0.0002377625384322027
2010-08-26,8.766071,8.776786,8.581429,8.581429,466505200,2118.689941,6665.259766,1047.219971,5155.84,8906.480469,18226.34961,599.76001,20612.06055,2603.480957,73.360001,1235.400024,27.370001,82.93,124.860001,124.860001,23.82,8.783112428571428,9.042942285714286,0.0859747363224983,0.2694335972491952,9.581809480212677,8.504075091215896,8.610366616565466,2.025701704313601,8.80576724923279,0.014127058688727058,8.770111660598378,-0.007910313301320405,8.776112100541512,4.2559448164516976e-05
2010-08-27,8.633928,8.664643,8.412857,8.629286,548391200,2153.629883,6794.910156,1064.589966,5201.56,8991.05957,17998.41016,616.76001,20597.34961,2610.741943,75.169998,1236.0,24.450001,82.92,126.639999,126.639999,23.93,8.724694000000001,9.014898095238095,0.09796422745180067,0.2813637220093354,9.577625539256767,8.452170651219424,8.622979538855155,2.031994262936022,8.801645356256858,0.016385215324363326,8.836476350436808,-0.00907220028781972,8.754118124943107,0.0003184129044354947
2010-08-30,8.598572,8.776786,8.595715,8.660714,383289200,2119.969971,6695.279785,1048.920044,5201.56,9149.259766,18032.10938,601.719971,20737.2207,2652.664063,74.699997,1237.099976,27.209999,83.16,123.790001,123.790001,23.639999,8.687040857142858,8.989813047619046,0.1140454806421154,0.27912374074751006,9.548060529114066,8.431565566124027,8.648135846285053,2.03610519089683,8.808040105220385,0.01836158355181679,8.907406934494766,-0.009638443608385491,8.745567823084965,0.0005493808563739656
2010-08-31,8.6375,8.734285,8.583928,8.682143,420786800,2114.030029,6704.149902,1049.329956,5225.22,8824.05957,17971.11914,602.059998,20536.49023,2638.798096,71.919998,1248.300049,26.049999,83.2,124.830002,124.830002,23.469999,8.653673571428572,8.957925285714285,0.12170692767107028,0.27095306068810426,9.499831407090493,8.416019164338078,8.670807282095017,2.038898544694482,8.824579576883345,0.020018814274154736,8.98139271769991,-0.00958357836563148,8.756060959910402,0.0007010108548826554
2010-09-01,8.838214,8.980714,8.795714,8.940357,697037600,2176.840088,6910.97998,1080.290039,5366.41,8927.019531,18205.86914,624.98999,20623.83008,2622.88208,73.910004,1246.300049,23.889999,82.52,132.490005,132.490005,23.9,8.676785857142857,8.938197380952381,0.1157448134408785,0.24905406321517462,9.43630550738273,8.440089254522032,8.850507094031672,2.0719582364648987,8.850813515531337,0.021327101093608407,9.057205919294631,-0.00892254026340617,8.789871937277066,0.0007506357668419808
2010-09-02,8.973572,9.006071,8.8775,9.006071,415427600,2200.01001,6966.25,1090.099976,5371.04,9062.839844,18238.31055,632.26001,20868.91992,2655.775879,75.019997,1251.5,23.190001,82.46,135.210007,135.210007,23.940001,8.739234714285715,8.919813000000001,0.09512010963489459,0.22886927943802945,9.37755155887606,8.462074441123942,8.954216364677224,2.0802001288797967,8.8862210048426,0.022264761727444245,9.133885470143502,-0.0077083087001140775,8.8494359981723,0.000691444300573034
2010-09-03,9.110357,9.242143,9.089286,9.241786,520788800,2233.75,7055.029785,1104.51001,5428.15,9114.129883,18221.42969,643.359985,20971.5,2655.394043,74.599998,1249.199951,21.309999,82.1,138.789993,138.789993,24.290001,8.820255142857143,8.91483,0.0751873312660063,0.2248437430142991,9.364517486028598,8.465142513971402,9.145929454892409,2.109217068007834,8.930218658283577,0.02281852091942657,9.21070555939079,-0.006027465527982782,8.935032446371226,0.0005337391774084578
2010-09-07,9.165714,9.268929,9.151786,9.2075,342557600,2208.889893,6959.939941,1091.839966,5407.82,9226.0,18645.06055,629.289978,21401.78906,2698.363037,74.089996,1257.300049,23.799999,82.82,137.220001,137.220001,23.959999,8.909693857142857,8.910952428571429,0.049090428843239664,0.21177438167795487,9.33450119192734,8.487403665215519,9.186976484964136,2.1050483703936105,8.982169140437586,0.02298350608174131,9.287133709017294,-0.003993985391554473,9.044693910268624,0.0003029799641256355
2010-09-08,9.277857,9.4425,9.253572,9.39,526551200,2228.870117,6999.939941,1098.869995,5429.74,9024.599609,18666.71094,634.25,21088.85938,2695.291016,74.669998,1255.599976,23.25,82.58,139.139999,139.139999,23.93,9.018367285714286,8.912942238095237,0.02517557300667228,0.2249215772510818,9.3627853925974,8.463099083593074,9.322325494988045,2.127040520479115,9.041389857839942,0.022762982118381465,9.36278383279356,-0.001741619312927883,9.17434734759779,3.5070472871948285e-05
2010-09-09,9.465714,9.518572,9.39,9.395357,438575200,2236.199951,7034.370117,1104.180054,5494.16,9098.389648,18799.66016,634.619995,21167.26953,2656.352051,74.25,1248.900024,22.809999,82.67,140.380005,140.380005,24.01,9.123316285714285,8.919166714285714,-0.021058586669735035,0.25121016765681875,9.421587049599351,8.416746378972077,9.371013164996015,2.127678814938015,9.107161684133528,0.022167863169539802,9.437369761212743,0.0005847074601804396,9.31816901853498,-0.0002299436220848834
2010-09-10,9.399643,9.446428,9.335714,9.4075,387542400,2242.47998,7067.509766,1109.550049,5501.64,9239.169922,,636.460022,21257.39063,2663.208984,76.449997,1244.5,21.99,82.7,142.440002,142.440002,23.85,9.226938714285714,8.941649714285713,-0.04675419021617344,0.2737821543095487,9.489214022904811,8.394085405666615,9.395337721665339,2.129124164632288,9.178737611384687,0.02121604595596261,9.510664083445079,0.002838000172557315,9.469114389281868,-0.0004543320810841079
2010-09-13,9.493571,9.581429,9.491428,9.537143,388780000,2285.709961,7156.180176,1121.900024,5565.53,9321.820313,19208.33008,652.280029,21658.34961,2688.320068,77.190002,1245.099976,21.209999,81.91,145.070007,145.070007,25.110001,9.312193857142857,8.967585095238096,-0.070912423633958,0.3043090716565473,9.57620323855119,8.358966951925002,9.489874573888446,2.1444264085028495,9.255351244454179,0.0199316121148891,9.582465975903984,0.004878271238242184,9.619566986445527,-0.0006080659870885762
2010-09-14,9.5075,9.613214,9.482857,9.573571,408150400,2289.77002,7162.080078,1121.099976,5567.41,9299.30957,19346.96094,649.22998,21696.03906,2688.521973,76.800003,1269.699951,21.559999,81.08,145.75,145.75,25.030001,9.393265285714287,8.99983,-0.08792327294154667,0.33084503049481384,9.661520060989627,8.338139939010372,9.545672191296148,2.1486843319344904,9.33622507642374,0.01834394594575325,9.652580150518016,0.006581042914346385,9.762039277705941,-0.0006724095324890776
2010-09-15,9.5775,9.656428,9.565714,9.650714,429368800,2301.320068,7179.790039,1125.069946,5555.56,,19502.10938,652.51001,21725.64063,2652.50293,76.019997,1266.699951,22.1,81.49,145.449997,145.449997,25.120001,9.451683571428573,9.038231333333334,-0.10444664410140092,0.3606996206642192,9.759630574661772,8.316832092004896,9.615700063765383,2.157641860889874,9.42057849911839,0.016486810125284024,9.720807414252606,0.007844757963907486,9.889854732600268,-0.0006415333349925678
2010-09-16,9.651428,9.881071,9.625,9.8775,652103200,2303.25,7169.47998,1124.660034,5540.14,9509.5,19417.49023,647.809998,21691.44922,2602.465088,74.57,1271.900024,21.719999,81.24,148.130005,148.130005,25.33,9.547397857142856,9.080068047619047,-0.10966881451194332,0.40638544406020344,9.892838935739453,8.267297159498641,9.79023335458846,2.183519985835106,9.507635513427195,0.01439741611440754,9.786945838379909,0.008596653284618104,9.997743576302128,-0.0005223486321376044
2010-09-17,9.9175,9.927143,9.774285,9.834642,634477200,2315.610107,7154.649902,1125.589966,5508.45,9626.089844,19594.75,651.440002,21970.85938,2598.688965,73.660004,1275.599976,22.01,81.4,148.320007,148.320007,25.219999,9.610918142857143,9.117993142857143,-0.15408207487523562,0.4375590027791717,9.993111148415487,8.2428751372988,9.819839118196155,2.178680584294196,9.59663210975768,0.01211551904597859,9.850800396978668,0.008796761729763675,10.082294864784402,-0.00033293284083886173
2010-09-20,9.86,10.135,9.851786,10.115357,658677600,2355.830078,7266.02002,1142.709961,5602.54,,19906.09961,669.97998,21977.33984,2588.712891,74.860001,1279.0,21.5,81.33,151.300003,151.300003,25.43,9.713775285714286,9.174710809523809,-0.15813785346039388,0.4864653631353905,10.14764153579459,8.201780083253029,10.016851039398718,2.209960573573195,9.686823290372397,0.009682559621861809,9.912198267708229,0.008439840539300436,10.14222316405366,-9.992200864945565e-05
2010-09-21,10.137857,10.2625,10.099643,10.134643,668074400,2349.350098,7245.950195,1139.780029,5576.19,9602.110352,20001.55078,664.659973,22002.58984,2591.550049,73.519997,1272.400024,22.35,80.44,150.729996,150.729996,25.15,9.817652857142859,9.23275504761905,-0.19789584555171302,0.5198075102783464,10.272370068175743,8.193140027062356,10.095379013132906,2.2120741086065387,9.777489703621756,0.007140868565406019,9.971006809381407,0.007555164494571949,10.178427560236212,0.00014482508895759575
2010-09-22,10.096786,10.285,10.086071,10.276786,585289600,2334.550049,7210.850098,1134.280029,5551.91,9566.320313,19941.7207,656.710022,22047.71094,,74.709999,1290.199951,22.51,79.83,151.830002,151.830002,24.610001,9.923316142857143,9.30409861904762,-0.20984907878543524,0.5409409831610549,10.38598058536973,8.22221665272551,10.216317004377634,2.2275151506029776,9.867943856368003,0.004532942897788861,10.027151461775308,0.006204253770919314,10.19384188689082,0.00036804849964558933
2010-09-23,10.226071,10.455714,10.214286,10.318571,786116800,2327.080078,7141.509766,1124.829956,5547.08,,19861.00977,648.840027,,,75.18,1294.300049,23.870001,80.01,152.850006,152.850006,24.43,10.029744714285714,9.387414904761904,-0.23152547205410912,0.5589785834216261,10.505372071605157,8.269457737918652,10.284486334792545,2.232009290761582,9.957535866301487,0.0019007979923677362,10.080631311554384,0.0044767209186893486,10.193095756508416,0.0005391512633504496
2010-09-24,10.432143,10.483214,10.376785,10.44,649488000,2381.219971,7301.040039,1148.670044,5598.48,9471.669922,20045.17969,671.01001,22119.42969,,76.489998,1296.0,21.709999,79.39,160.729996,160.729996,24.780001,10.142499857142857,9.471479523809524,-0.2674279988883743,0.5661419830524587,10.603763489914442,8.339195557704606,10.388162111597515,2.244955980157409,10.04565871136232,-0.0007146048733037367,10.131530670431388,0.002484514296702896,10.182024172283215,0.0006341861920868648
2010-09-27,10.499286,10.526072,10.393214,10.398571,482834800,2369.77002,7263.370117,1142.160034,5573.42,9603.139648,20117.38086,668.289978,22340.83984,2627.967041,76.519997,1296.699951,22.540001,79.34,159.369995,159.369995,24.73,10.216938571428573,9.558010095238094,-0.30583972680332927,0.5584769256663054,10.674963946570704,8.441056243905484,10.395101370532506,2.2405576564429572,10.13175292988764,-0.003273858895783662,10.180025573759549,0.000354906815513453,10.16707744181771,0.0006393186356620964
2010-09-28,10.420357,10.420357,9.821428,10.245,1035042400,2379.590088,7310.319824,1147.699951,5578.44,9495.759766,20104.85938,675.429993,22109.94922,2611.354004,76.18,1306.599976,22.6,79.01,159.699997,159.699997,24.68,10.275561142857143,9.634948857142856,-0.3329211089959099,0.5291608717464928,10.693270600635842,8.57662711364987,10.2950337901775,2.224082864839088,10.215310723003416,-0.005739545612041367,10.226384537083657,-0.0017773683667248058,10.15469155985888,0.0005532075429397892
2010-09-29,10.258214,10.350357,10.214286,10.263214,469644000,2376.560059,7299.310059,1144.72998,5569.27,9559.379883,19956.33984,677.640015,22378.66992,2610.677979,77.860001,1308.5,23.25,78.69,158.990005,158.990005,24.5,10.296683571428572,9.711258380952382,-0.32603440000309547,0.4881796854563196,10.687617751865021,8.734899010039742,10.273820596725834,2.2260510726715506,10.295879410574587,-0.008076609038351334,10.270963179567062,-0.003778396531998329,10.150681490198867,0.00038773960886517264
2010-09-30,10.321428,10.357142,10.044642,10.133928,673391600,2368.620117,7281.069824,1141.199951,5548.62,9369.349609,20069.11914,676.140015,22358.16992,2655.657959,79.970001,1307.800049,23.700001,78.72,157.059998,157.059998,24.49,10.296581428571429,9.780391,-0.33623497538736125,0.45412533362880714,10.688641667257613,8.872140332742386,10.180558865575277,2.211995832095435,10.37306419395814,-0.010252677328996236,10.314192476873798,-0.00552331278859362,10.159715789456918,0.00016672328200451997
2010-10-01,10.219643,10.235,10.048214,10.09,448142800,2370.75,7335.910156,1146.23999,5592.9,9404.230469,20445.03906,679.289978,,,81.580002,1316.099976,22.5,78.09,153.710007,153.710007,24.379999,10.269897714285715,9.835135904761906,-0.3301464059427399,0.41452915582154776,10.664194216405,9.00607759311881,10.120186288525092,2.2071749081893874,10.44653018297388,-0.012238339043872453,10.356560529638372,-0.006904015832325075,10.18492131165182,-7.748337332721212e-05
2010-10-04,10.057143,10.103572,9.920357,9.951428,435302000,2344.52002,7272.529785,1137.030029,5555.97,9381.05957,20475.73047,669.450012,22618.66016,,81.470001,1315.400024,23.530001,78.45,155.389999,155.389999,23.91,10.217448714285714,9.880152904761905,-0.3084184219802921,0.3867748036007497,10.653702511963404,9.106603297560406,10.007680762841696,2.191813072632152,10.516003650912824,-0.01400738047351786,10.398587932551436,-0.007835902307054204,10.22765239402548,-0.0003089540958315327
2010-10-05,10.071428,10.3375,10.065,10.319285,501967200,2399.830078,7434.180176,1160.75,5635.76,9518.759766,20407.71094,689.349976,22639.14063,,82.82,1338.900024,21.76,77.75,160.869995,160.869995,24.35,10.200203714285715,9.93146238095238,-0.26387538277738365,0.35908504511347733,10.649632471179336,9.213292290725425,10.215416920947233,2.232085909016423,10.581272489956449,-0.015536989473256792,10.440797192081098,-0.00826319057188195,10.287441486066623,-0.0004938922983229356
2010-10-06,10.3425,10.428214,10.187857,10.328215,670868800,2380.659912,7448.330078,1159.969971,5681.39,9691.429688,20543.08008,685.330017,22880.41016,,83.230003,1346.400024,21.49,77.39,155.399994,155.399994,24.43,10.190152857142857,9.984829761904763,-0.2641813232121706,0.3404482221825222,10.665726206269808,9.303933317539718,10.290615640315744,2.233043678227592,10.64218584993059,-0.01680793001720116,10.483677208177106,-0.008162461138915413,10.36212948959021,-0.0006059382462557804
2010-10-07,10.369286,10.374286,10.246786,10.329286,408399600,2383.669922,7425.009766,1158.060059,5662.13,9684.80957,20315.32031,684.22998,22884.32031,,81.669998,1333.900024,21.559999,77.39,156.270004,156.270004,24.530001,10.202193714285714,10.029557666666667,-0.26561236473869165,0.3140736391500373,10.657704944966742,9.401410388366592,10.316395880105247,2.2331584845996972,10.698652955663324,-0.01780469029580392,10.527644577323178,-0.007544132386145341,10.448156087592777,-0.0006300785506854832
2010-10-08,10.418214,10.517858,10.357142,10.5025,658403200,2401.909912,7478.419922,1165.150024,5657.61,9588.879883,20250.25977,693.820007,22944.17969,2738.743896,82.660004,1344.199951,20.709999,77.33,155.550003,155.550003,24.57,10.236377428571428,10.082278761904762,-0.2587984734867348,0.2885102618233342,10.65929928555143,9.505258238258094,10.440465293368415,2.2515549218812665,10.750641112106491,-0.01851560573376308,10.573004286963673,-0.006451716110137981,10.54097490014636,-0.0005645227284804382
2010-10-11,10.526428,10.615714,10.521428,10.548572,427753200,2402.330078,7479.009766,1165.319946,5672.4,,20339.89063,693.47998,23207.31055,2806.941895,82.209999,1353.300049,18.959999,77.44,153.029999,153.029999,24.59,10.295612285714286,10.136615523809525,-0.26276907925816495,0.2697350674288773,10.67608565866728,9.59714538895177,10.512536431122806,2.2563916145162826,10.798172921519702,-0.018932956874975475,10.619913091973652,-0.004958853943336903,10.635546933785914,-0.0004204027865250928
2010-10-12,10.550357,10.696428,10.446072,10.662143,558544000,2417.919922,7489.620117,1169.77002,5661.59,9388.639648,20203.33984,696.039978,23121.69922,2841.406982,81.669998,1345.699951,18.93,77.36,156.479996,156.479996,24.83,10.377347,10.190186952380952,-0.2578666869326529,0.253090036764281,10.696367025909513,9.68400687885239,10.612274143707602,2.268215466271088,10.841322753055252,-0.019053040737844938,10.668349306065446,-0.003164310873637002,10.72685951494134,-0.0002195873830469706
2010-10-13,10.721429,10.784286,10.707143,10.719286,630092400,2441.22998,7561.5,1178.099976,5747.35,9403.509766,20687.88086,706.469971,23457.68945,2861.361084,83.010002,1369.5,19.07,77.07,155.169998,155.169998,25.34,10.487041000000001,10.24474480952381,-0.27188167942502517,0.23874334856674181,10.722231506657295,9.767258112390326,10.683615381235867,2.274112158984142,10.880212521618768,-0.01887621305261101,10.718092741713292,-0.0011852768269683888,10.810417179365576,8.831285857555397e-06
2010-10-14,10.774643,10.8025,10.728572,10.796785,435296400,2435.379883,7546.589844,1173.810059,5727.21,9583.509766,20497.64063,704.690002,23852.16992,2879.635986,82.690002,1376.699951,19.879999,76.65,155.529999,155.529999,25.23,10.555255285714285,10.299319619047619,-0.2822129375736342,0.24666046961643456,10.792640558280489,9.80599867981475,10.759061793745289,2.282054270628181,10.91500684944587,-0.018406897813406847,10.768717998653303,0.0008505224680592272,10.882655717691918,0.00023274060810635395
2010-10-15,10.98,11.25,10.889643,11.240714,922194000,2468.77002,7520.600098,1176.189941,5703.37,9500.25,20125.05078,703.159973,23757.63086,2971.159912,81.25,1371.099976,19.030001,77.04,164.639999,164.639999,25.540001,10.685612285714285,10.364234571428572,-0.2854439797892425,0.2963036893390752,10.956841950106723,9.77162719275042,11.080163264581763,2.326371343743078,10.945907699900296,-0.01765355986835934,10.819603244078323,0.0028133018618158243,10.941240115804655,0.0004213178240411817
2010-10-18,11.373929,11.392858,11.224643,11.357142,1093010800,2480.659912,7571.100098,1184.709961,5742.52,9498.490234,20168.89063,710.130005,23469.38086,2955.227051,83.080002,1371.199951,19.09,76.93,163.559998,163.559998,25.82,10.83244885714286,10.436734571428572,-0.33370391476826633,0.35903241722226154,11.154799405873094,9.71866973698405,11.264815754860587,2.337676330046692,10.973148587972943,-0.016628635881737526,10.869955168866122,0.00457963962741828,10.985220395410506,0.0005489743648992476
2010-10-19,10.835714,11.206072,10.715,11.053214,1232784000,2436.949951,7423.649902,1165.900024,5703.89,9539.450195,19983.13086,694.150024,23763.73047,3001.853027,79.489998,1335.099976,20.629999,78.18,158.669998,158.669998,25.1,10.911122285714287,10.481394428571429,-0.3076713401902147,0.37460571399650466,11.230605856564438,9.73218300057842,11.123747918286861,2.307892384374671,10.99698848520506,-0.015348418974760119,10.918849153286537,0.006040238924730971,11.01503493473238,0.0005985654210692387
2010-10-20,11.035714,11.223214,10.959642,11.090357,721624400,2457.389893,7523.810059,1178.170044,5728.93,9381.599609,19872.15039,702.109985,23556.5,3003.950928,81.769997,1343.300049,19.790001,77.17,158.669998,158.669998,25.309999,10.988520142857142,10.526904619047619,-0.30930008489438343,0.3929593927946148,11.312823404636848,9.740985833458389,11.10148730609562,2.3115802153055114,11.017705547606981,-0.01383289271479764,10.965282083864182,0.007106515084617389,11.032367106381376,0.0005635702932431473
2010-10-21,11.155714,11.240714,10.957143,11.054286,551460000,2459.669922,7515.669922,1180.26001,5757.86,9376.480469,20260.58008,698.119995,23649.48047,2983.531982,80.559998,1324.699951,19.27,77.42,164.970001,164.970001,25.42,11.044540571428572,10.56392842857143,-0.3275668237666416,0.4054359185806893,11.374800265732809,9.75305659141005,11.070019768698538,2.3079990112552893,11.035590802934623,-0.01210551088769635,11.00823396654329,0.007715633584870446,11.039876332453668,0.0004490049543728178
2010-10-22,11.038215,11.072857,10.939285,10.981071,372778000,2479.389893,7522.910156,1183.079956,5741.37,9426.709961,20165.85938,703.429993,23517.53906,2975.042969,81.690002,1324.400024,18.780001,77.47,169.130005,169.130005,25.379999,11.08193842857143,10.595476047619048,-0.3266582033908474,0.41383467310702243,11.423145393833092,9.767806701405004,11.010720589566178,2.300690399194828,11.050941937801976,-0.010192920644437956,11.04673365141491,0.007833778511348134,11.04083736043643,0.00027089887811402046
2010-10-25,11.038929,11.128572,11.015715,11.03,392462000,2490.850098,7546.379883,1185.619995,5751.98,9401.160156,20303.11914,707.890015,23627.91016,3051.417969,82.519997,1338.300049,19.85,77.1,169.0,169.0,25.190001,11.115254857142858,10.623571285714286,-0.31935240888923033,0.42141433083517904,11.466399947384645,9.780742624043928,11.023573529855392,2.305580601973844,11.064057325028282,-0.008124628125947985,11.079923698471239,0.007457578844403373,11.038730412112276,5.428906504040845e-05
2010-10-26,10.959642,11.062143,10.916072,11.001785,392929600,2497.290039,7530.799805,1185.640015,5707.3,9377.379883,20221.39063,706.929993,23601.24023,3041.542969,82.550003,1338.0,20.219999,77.71,169.949997,169.949997,25.9,11.081122142857142,10.652295761904762,-0.2999858800153472,0.41853606150389916,11.48936788491256,9.815223638896963,11.009047843285131,2.302763577064816,11.075230426964165,-0.005932607476810357,11.107119651984497,0.006613741856268962,11.0368289641898,-0.00017012794799760523
2010-10-27,10.9875,11.067857,10.914286,10.993929,399002800,2503.26001,7480.870117,1182.449951,5646.02,9387.030273,20005.36914,704.22998,23164.58008,2997.048096,81.940002,1322.199951,20.709999,78.15,167.509995,167.509995,26.049999,11.02923457142857,10.687959047619048,-0.28578185000152523,0.41276640392038505,11.513491855459817,9.862426239778278,10.998968614428378,2.3019778086342204,11.084744701133198,-0.0036508561723275312,11.127859654047123,0.00535703048424366,11.037830907661574,-0.0003703088098584823
2010-10-28,10.998215,11.0,10.746428,10.901428,551051200,2507.370117,7504.850098,1183.780029,5677.89,9366.030273,19941.03906,701.030029,23210.85938,2992.579102,82.18,1342.099976,20.879999,77.31,166.839996,166.839996,26.280001,11.007550857142856,10.71835019047619,-0.27983380791468093,0.3916034901799979,11.501557170836186,9.935143210116195,10.933941538142792,2.2926789891628485,11.09286912042017,-0.0013149016945816373,11.141941269537385,0.0037667755272770024,11.043572887604219,-0.0005175351047023099
2010-10-29,10.865357,10.924286,10.745358,10.749286,430511200,2507.409912,7513.350098,1183.26001,5675.16,9202.450195,20032.33984,703.349976,23096.32031,2978.834961,81.43,1357.099976,21.200001,77.27,165.229996,165.229996,26.67,10.958826428571427,10.747652952380953,-0.2639336496901983,0.3597939908383652,11.467240934057683,10.028064970704223,10.810837846047598,2.277194051559021,11.09985440156275,0.0010387333227746653,11.149443457690948,0.001942141940545433,11.054857474851907,-0.0005906969302748975
2010-11-01,10.793571,10.914286,10.792857,10.863571,423889200,2504.840088,7509.209961,1184.380005,5694.62,9154.719727,20355.63086,698.559998,23652.93945,3054.020996,82.949997,1350.199951,21.83,77.3,162.580002,162.580002,26.950001,10.931581428571429,10.784489666666666,-0.23027020496225248,0.3023989891097611,11.389287644886188,10.179691688447143,10.845993282015867,2.2888482734320763,11.105930013457812,0.003373098434663625,11.150732670911612,-3.6167725919402e-06,11.07140964899526,-0.0005794539330027107
2010-11-02,10.964286,11.078215,10.964286,11.048572,433930000,2533.52002,7582.140137,1193.569946,5757.43,9159.980469,20345.68945,712.890015,23671.41992,3045.434082,83.900002,1356.400024,21.57,76.72,164.610001,164.610001,27.389999,10.941224428571429,10.836734619047618,-0.21301669125026024,0.2812972617393949,11.399329142526408,10.274140095568828,10.981045760671956,2.3074305348571693,11.111302011641046,0.005651404519813454,11.146452990921604,-0.0019496689437576134,11.091964366997187,-0.00048572681697280355
2010-11-03,11.120358,11.174286,11.018929,11.171429,508348400,2540.27002,7608.410156,1197.959961,5748.97,,20465.74023,715.140015,24144.66992,3030.988037,84.690002,1337.099976,19.559999,76.48,168.470001,168.470001,27.030001,10.96142857142857,10.877312904761904,-0.2110106499450506,0.25931898632125155,11.395950877404408,10.358674932119401,11.107967920223984,2.319582711497447,11.116151718316406,0.007837622769816668,11.137500977836385,-0.003774611843665786,11.114472365774148,-0.00032329087562715244
2010-11-04,11.266071,11.435,11.251071,11.366786,642488000,2577.340088,7782.430176,1221.060059,5862.79,9358.780273,20893.57031,733.460022,24535.63086,3086.938965,86.489998,1382.699951,18.52,75.88,168.929993,168.929993,27.139999,11.013571571428571,10.926768666666666,-0.21438296672160995,0.24128402123539658,11.40933670913746,10.444200624195872,11.280513306741327,2.338607041704844,11.120635239736618,0.009897080814023233,11.12498651169433,-0.005363674129488908,11.136398357970506,-0.00011560114345484751
2010-11-05,11.356786,11.413215,11.3125,11.326072,361253200,2578.97998,7800.660156,1225.849976,5875.35,9625.990234,,736.590027,24876.82031,3129.49707,86.849998,1397.300049,18.26,76.55,170.770004,170.770004,26.85,11.061020571428571,10.974234666666666,-0.23040864456190135,0.22969777720764636,11.433630221081959,10.514839112251373,11.310885768913776,2.334671959123445,11.124883785871285,0.01179704300784838,11.110181391770528,-0.00661576792934019,11.155075779192842,0.00010772327001044991
2010-11-08,11.328571,11.420357,11.312857,11.379286,281758400,2580.050049,7782.200195,1223.25,5849.96,9732.919922,20852.38086,736.77002,24964.36914,3159.511963,87.059998,1402.800049,18.290001,77.03,171.990005,171.990005,26.809999,11.129286000000002,11.01598638095238,-0.23240207332103857,0.21904652694798765,11.454079434848357,10.577893327056405,11.35648592297126,2.3398120892447007,11.129004732430579,0.013507262188682544,11.094457893408007,-0.007449997222707349,11.16807625964753,0.00031515611655151467
2010-11-09,11.466071,11.475,11.232142,11.288571,383544000,2562.97998,7702.310059,1213.400024,5875.19,9694.490234,20932.48047,725.97998,24710.59961,3135.0,86.720001,1409.800049,19.08,77.44,170.270004,170.270004,26.950001,11.206326714285714,11.051224428571427,-0.25861618251434493,0.2067088885042685,11.464642205579963,10.63780665156289,11.311209307657085,2.331033667510319,11.133083343606158,0.015000490980577812,11.079219931614102,-0.007811191570175017,11.173550638603338,0.0004776285527029642
2010-11-10,11.308572,11.384643,11.198215,11.358214,384227200,2578.780029,7747.459961,1218.709961,5816.94,9830.519531,20875.71094,734.869995,24500.60938,3115.355957,87.809998,1399.099976,18.469999,77.63,173.330002,173.330002,26.940001,11.27699,11.084370666666667,-0.24883622252507642,0.19876344739565888,11.481897561457984,10.686843771875349,11.34254576921903,2.3377798281474202,11.137185056314594,0.016252941940300806,11.065829985471002,-0.007674023739169122,11.17050175731895,0.0005724375119514975
2010-11-11,11.25,11.371428,11.223214,11.308928,361284000,2555.52002,7723.240234,1213.540039,5815.23,9861.459961,20589.08984,731.580017,24700.30078,3147.743896,87.809998,1403.099976,18.639999,78.22,170.369995,170.369995,26.68,11.314183714285713,11.112448857142857,-0.2324144706627429,0.19008857414743285,11.492626005437723,10.73227170884799,11.32013392307301,2.333010315901285,11.141358213979883,0.0172446873898101,11.055535488374568,-0.007045303804998973,11.15895709354288,0.0005862550943361291
2010-11-12,11.285714,11.303572,10.843928,11.001071,795846800,2518.209961,7623.240234,1199.209961,5796.87,9724.80957,20156.89063,719.27002,24222.58008,2985.435059,84.879997,1365.400024,20.610001,78.08,165.679993,165.679993,26.27,11.289846857142859,11.122176761904761,-0.24454197957995127,0.19017802734273798,11.502532816590238,10.741820707219285,11.107425307691003,2.3026921872592503,11.145637130357603,0.017959991563034353,11.049398915227673,-0.005964133987329787,11.140020693331477,0.000516924290655577
2010-11-15,11.016429,11.090714,10.938214,10.965714,403606000,2513.820068,7617.509766,1197.75,5820.41,9827.509766,20309.68945,719.940002,24027.17969,3014.413086,84.860001,1368.400024,20.200001,78.52,158.899994,158.899994,26.200001,11.232550857142856,11.109081523809524,-0.21569274891381163,0.18412770439400722,11.477336932597538,10.740826115021509,11.012951102563667,2.2991506018756858,11.15004536164499,0.0183875695915982,11.048236170844005,-0.00449976134509533,11.115797560508344,0.000373843342714212
2010-11-16,10.918571,10.985714,10.69,10.771071,657650000,2469.840088,7472.629883,1178.339966,5681.9,9797.099609,19865.14063,705.340027,23693.01953,2894.538086,82.339996,1338.300049,22.58,79.21,157.779999,157.779999,25.809999,11.153265000000001,11.08117338095238,-0.1905811652119258,0.1979245027059139,11.477022386364208,10.685324375540553,10.851697700854556,2.279426081336379,11.154599067884169,0.018520769753825772,11.05256794457537,-0.0027471692557408385,11.089198149999348,0.0001768553324359659
2010-11-17,10.757143,10.856786,10.634286,10.732142,479449600,2476.01001,7488.759766,1178.589966,5692.56,9811.660156,,707.77002,23214.46094,2838.856934,80.440002,1336.800049,21.76,79.08,158.350006,158.350006,25.57,11.060815857142856,11.065884238095238,-0.14846606304289978,0.21282959335439375,11.491543424804025,10.640225051386452,10.771993900284853,2.2754340158546964,11.159310351918586,0.018357677217968705,11.062588297816037,-0.0008206781955121617,11.063644243514144,-4.630541335405197e-05
2010-11-18,10.9,11.059643,10.881785,11.015357,494491200,2514.399902,7619.939941,1196.689941,5768.71,10013.62988,19930.64063,720.840027,23637.39063,2865.451904,81.849998,1352.900024,18.75,78.62,164.169998,164.169998,25.84,11.021785285714286,11.06231280952381,-0.11505178848002195,0.2131073018132422,11.488527413150294,10.636098205897326,10.934235966761618,2.304119615012664,11.164190475148695,0.017901139149811323,11.078153810304514,0.0011539548418723275,11.042708718632127,-0.0002637838088178933
2010-11-19,10.998929,11.014286,10.901428,10.954643,384843200,2518.120117,7641.080078,1199.72998,5732.83,10022.38965,19585.43945,724.359985,23605.71094,2888.565918,81.510002,1352.199951,18.040001,78.5,164.820007,164.820007,25.690001,10.964132285714285,11.057567904761905,-0.10596596083656529,0.21372123594674564,11.485010376655396,10.630125432868414,10.947840655587207,2.2980390754969324,11.16925286314022,0.017158712478357947,11.098795148996953,0.0030482806861725515,11.029729285762484,-0.0004441558764188444
2010-11-22,10.952857,11.191428,10.923928,11.191428,393075200,2532.02002,7610.299805,1197.839966,5680.83,10115.19043,19957.58984,727.330017,23524.01953,2884.371094,81.739998,1357.699951,18.370001,78.68,170.389999,170.389999,25.73,10.947346571428572,11.067584904761905,-0.07350950536369716,0.21551398522556367,11.498612875213032,10.636556934310777,11.110232218529069,2.3215469748059046,11.17451582976723,0.016142536799050058,11.123751078842943,0.004740003044858841,11.027439322279943,-0.0005611236403375494
2010-11-23,11.0875,11.133928,10.948571,11.026072,519447600,2494.949951,7470.77002,1180.72998,5581.28,,19691.83984,719.929993,22896.14063,2828.281982,81.25,1377.5,20.629999,79.68,168.199997,168.199997,25.120001,10.950918142857143,11.067397857142858,-0.07749177196075685,0.21518073152178196,11.497759320186422,10.637036394099294,11.054125406176356,2.305188900144072,11.180004965007882,0.014869135844575488,11.152022943919787,0.006121193785227034,11.03765716560538,-0.0005975886945226075
2010-11-24,11.142858,11.264286,11.133928,11.242857,413725200,2543.120117,7579.259766,1198.349976,5657.1,10030.11035,19459.84961,736.530029,23023.85938,2859.936035,83.860001,1372.900024,19.559999,79.87,177.25,177.25,25.370001,10.99051,11.078877476190476,-0.07288136513071386,0.21769230939194095,11.514262094974358,10.643492857406594,11.179946468725452,2.32658058460326,11.185755147785617,0.013359151691485677,11.182445790698958,0.007105252064107241,11.061068871808352,-0.0005483637562765455
2010-11-26,11.205,11.346429,11.176429,11.25,237585600,2534.560059,7500.540039,1189.400024,5668.7,10039.55957,19136.60938,732.72998,22877.25,2871.697998,0.0,0.0,22.219999,80.36,177.199997,177.199997,25.25,11.058928428571429,11.091071333333334,-0.07633001137954842,0.21632909911700599,11.523729531567346,10.658413135099321,11.226648822908485,2.327277705584417,11.191812160495058,0.011637016434379463,11.213770842478983,0.007632150821335843,11.097129238824559,-0.0004209903627898918
2010-11-29,11.267858,11.338572,11.120714,11.316786,445785200,2525.219971,7483.339844,1187.76001,5550.95,10125.99023,19405.09961,731.950012,23166.2207,2866.355957,85.730003,1366.0,21.530001,80.83,179.490005,179.490005,25.309999,11.142449,11.110850285714285,-0.08237100871957459,0.20473758922231344,11.520325464158912,10.701375107269659,11.28674027430283,2.3337722774392167,11.198233895346064,0.009730566494772865,11.244753146770083,0.007671713081587775,11.144092969540319,-0.00023449293018745415
2010-11-30,11.197857,11.227143,11.1025,11.1125,501858000,2498.22998,7430.939941,1180.550049,5528.27,9937.040039,19521.25,727.01001,23007.99023,2820.180908,84.110001,1385.0,23.540001,81.19,175.399994,175.399994,25.26,11.156326571428574,11.128146190476192,-0.08997486565825241,0.19509635120609123,11.518338892888375,10.73795348806401,11.170580091434276,2.31377228238461,11.205091153851713,0.00767060508863566,11.274237977213733,0.007224851542444655,11.199173618892177,-1.6316959394605868e-05
2010-12-01,11.259643,11.348214,11.25,11.3,461750800,2549.429932,7603.72998,1206.069946,5642.5,9988.049805,19850.0,743.140015,23249.80078,2823.448975,86.75,1387.300049,21.360001,80.71,176.550003,176.550003,26.040001,11.205663285714285,11.148928523809523,-0.0914926215281664,0.19689402116290605,11.542716566135336,10.75514048148371,11.256860030478093,2.33214389523559,11.212468049316925,0.005490418702176122,11.30123993987738,0.006322860339424417,11.258813975297732,0.0002019523879865143
2010-12-02,11.340357,11.392858,11.246072,11.3625,462837200,2579.350098,7712.25,1221.530029,5767.56,10168.51953,19992.69922,751.200012,23448.7793,2843.606934,88.0,1388.5,19.389999,80.3,176.529999,176.529999,26.889999,11.230102142857143,11.163877476190477,-0.09896589894328045,0.20234694428258984,11.568571364755657,10.759183587625296,11.327286676826033,2.3381935204614135,11.22046202789865,0.0032252537607517645,11.325009587601002,0.005024954236857719,11.31903930463923,0.0003893117983782455
2010-12-03,11.321786,11.380357,11.297857,11.337143,342092800,2591.459961,7751.580078,1224.709961,5745.32,10178.32031,19966.92969,756.419983,23320.51953,2842.429932,89.190002,1405.400024,18.01,79.38,175.679993,175.679993,27.02,11.274540857142856,11.17176861904762,-0.10246245553995514,0.20088281261805602,11.573534244283733,10.770002993811508,11.33385755894201,2.335743525291571,11.229183526748168,0.0009117600521108529,11.345083517615382,0.003414308785049318,11.3758558025091,0.0005197317083246928
2010-12-06,11.38,11.511786,11.372143,11.433928,448481600,2594.919922,7740.689941,1223.119995,5770.28,10167.23047,19981.31055,760.859985,23237.68945,2857.177002,89.379997,1415.300049,18.02,79.57,178.050003,178.050003,26.84,11.301836714285715,11.174965857142857,-0.10564443223835873,0.20687701978364353,11.588719896710144,10.76121181757557,11.400571186314004,2.3450628040588533,11.238755288144748,-0.0014125920977406294,11.361315243725711,0.0015928769687926791,11.42565169811443,0.0005756103592637362
2010-12-07,11.564285,11.571072,11.361428,11.364643,391454000,2598.48999,7739.640137,1223.75,5808.45,10141.09961,19934.64063,764.419983,23428.15039,2875.861084,88.690002,1408.300049,17.99,79.86,176.770004,176.770004,26.870001,11.318214285714287,11.176802571428572,-0.13980364671367695,0.20611221229996468,11.589026996028501,10.764578146828644,11.376619062104666,2.3384003024581057,11.249311346793865,-0.003710113392810839,11.373885447569947,-0.0003247393415601772,11.465558303935344,0.0005499149813118486
2010-12-08,11.415358,11.465,11.325357,11.464643,321935600,2609.159912,7750.319824,1228.280029,5794.53,10232.33008,19696.48047,764.039978,23092.51953,2848.545898,88.279999,1382.5,17.74,80.0,176.289993,176.289993,27.23,11.339336714285716,11.18086719047619,-0.1369278517518353,0.21515449364581193,11.611176177767815,10.750558203184566,11.435301687368224,2.3480022416037025,11.260995704146707,-0.0059435078092442625,11.383291421044335,-0.0022180841543996393,11.493732925569294,0.00044686337111866237
2010-12-09,11.504642,11.517858,11.393572,11.42,294151200,2616.669922,7782.140137,1233.0,5807.96,10285.87988,19242.35938,767.630005,23171.80078,2810.948975,88.370003,1392.099976,17.25,80.07,174.850006,174.850006,27.08,11.383265285714286,11.187125714285715,-0.14959604493624568,0.21833639660828652,11.623798507502288,10.750452921069142,11.425100562456075,2.343727036325221,11.273960699369718,-0.008076486830482184,11.390316562633652,-0.003968017976418841,11.509534384239466,0.00028117749814885726
2010-12-10,11.416072,11.466071,11.378572,11.448571,262511200,2637.540039,7823.299805,1240.400024,5812.95,10211.9502,19508.89063,776.830017,23162.91016,2841.040039,87.790001,1384.300049,17.610001,80.07,175.619995,175.619995,27.34,11.404489714285715,11.19142842857143,-0.1430381627603552,0.22485981831807056,11.64114806520757,10.741708791935288,11.440747520818691,2.3464652226486935,11.288365082199896,-0.010074376371087875,11.395981681060189,-0.005463946018744269,11.513573908370056,7.606243829920827e-05
2010-12-13,11.584642,11.609285,11.464286,11.488214,439815600,2624.909912,7850.02002,1240.459961,5860.75,10293.88965,19691.7793,772.099976,23317.60938,2922.954102,88.610001,1397.300049,17.549999,79.28,174.25,174.25,27.25,11.422448857142857,11.199965857142857,-0.15889666968983995,0.23014652529850438,11.660258907739866,10.739672806545848,11.472391840272897,2.3502521505247826,11.304371789139001,-0.011904706489779182,11.401480624222202,-0.006610743740637628,11.507637905378413,-0.00013985095620008998
2010-12-14,11.490357,11.519286,11.392858,11.438929,351008000,2627.719971,7855.220215,1241.589966,5891.21,10316.76953,19799.18945,771.659973,23431.18945,2927.076904,88.279999,1403.599976,17.610001,79.37,173.940002,173.940002,27.620001,11.436989714285716,11.220816238095239,-0.15975533854465418,0.2280353002807237,11.676886838656687,10.76474563753379,11.450083280090965,2.3455419909852715,11.3221454220256,-0.013537773476896149,11.40810344236152,-0.0073349740737597875,11.494493032982435,-0.0003362847209985883
2010-12-15,11.428572,11.535714,11.399643,11.441428,417312000,2617.219971,7798.779785,1235.22998,5882.18,10309.78027,19647.76953,768.359985,22975.34961,2911.414063,88.620003,1385.5,17.940001,80.26,175.570007,175.570007,27.85,11.438061142857142,11.243469285714287,-0.14950304280363014,0.2045316541110866,11.65253259393646,10.834405977492114,11.444313093363656,2.3457813547099367,11.341849427659218,-0.01494716352501927,11.41715095970882,-0.007589959085221688,11.477596468595188,-0.00048541347949043897
2010-12-16,11.4675,11.521786,11.432143,11.473214,322030800,2637.310059,7840.240234,1242.869995,5881.12,10311.29004,19864.84961,776.559998,22668.7793,2898.137939,87.699997,1370.400024,17.389999,80.18,178.039993,178.039993,27.99,11.453571285714286,11.276904666666667,-0.14325448775818117,0.16602002004560631,11.60894470675788,10.944864626575454,11.463580364454552,2.3488209500779034,11.363642979391626,-0.01611022701836279,11.429845286821735,-0.007359271661476409,11.460743945937418,-0.0005657959351283639
2010-12-17,11.486786,11.4925,11.436786,11.450357,386929200,2642.969971,7835.310059,1243.910034,5871.75,10303.83008,,779.51001,22714.84961,2893.73999,88.019997,1378.599976,16.110001,80.37,177.580002,177.580002,27.9,11.451530428571429,11.31110538095238,-0.14132159520298337,0.15427425989603671,11.619653900744453,11.002556861160308,11.454764788151516,2.346636140506715,11.38767756681696,-0.017008492573610045,11.447241424313848,-0.006658268952001434,11.447693966118717,-0.0005655869230882889
2010-12-20,11.485714,11.544642,11.365357,11.5075,385610400,2649.560059,7846.959961,1247.079956,5891.61,10216.41016,19888.88086,782.299988,22639.08008,2852.919922,88.809998,1385.5,16.41,80.63,183.289993,183.289993,27.809999,11.464030428571428,11.334540761904762,-0.1342136968659613,0.13220450984271154,11.598949781590186,11.070131742219338,11.489921596050506,2.352089287897135,11.414093308032937,-0.017628010396518668,11.470145596161515,-0.005533409935464099,11.441808031878727,-0.00048449006966379255
2010-12-21,11.535714,11.585357,11.501785,11.578571,256354000,2667.610107,7906.100098,1254.599976,5951.8,10370.53027,20060.32031,790.52002,22993.85938,2904.11499,89.82,1388.199951,16.49,80.72,184.75,184.75,28.07,11.482601857142857,11.364251619047618,-0.12929435182623195,0.1355205654370024,11.635292749921623,11.093210488173613,11.549021198683503,2.358830351145327,11.443015010292115,-0.017959615341549225,11.499046166641461,-0.004059282123399189,11.445743739653091,-0.0003340367771826317
2010-12-22,11.584286,11.632857,11.555357,11.612857,265921600,2671.47998,7931.759766,1258.839966,5983.49,10346.48047,20015.80078,790.590027,23045.18945,2877.899902,90.480003,1386.800049,15.45,80.73,184.759995,184.759995,28.190001,11.500407999999998,11.384319666666666,-0.12841100372866698,0.11899424303382848,11.622308152734323,11.14633118059901,11.591578399561167,2.3620661906476395,11.474548018820503,-0.01799910131831944,11.534062781477488,-0.0023334878747423727,11.461230532959426,-0.00013602732608121297
2010-12-23,11.607142,11.6125,11.541785,11.557143,223157200,2665.600098,7925.359863,1256.77002,5996.07,,19982.88086,788.960022,22902.9707,2855.219971,91.510002,1380.0,16.469999,80.5,182.589996,182.589996,28.299999,11.517295714285714,11.409608761904762,-0.1335735230817683,0.11758338116692565,11.644775524238613,11.174441999570911,11.568621466520389,2.356802692430642,11.508773909476604,-0.017747300399674124,11.5749186044926,-0.0004697745662200881,11.488947753866155,8.069444782796419e-05
2010-12-27,11.530357,11.622857,11.482857,11.595715,249816000,2667.27002,7920.939941,1257.540039,6008.92,10355.99023,20028.92969,792.349976,,2781.4021,91.0,1382.400024,17.67,80.37,182.139999,182.139999,28.07,11.539336714285714,11.426411523809524,-0.12199533496531423,0.117004487630881,11.660420499071286,11.192402548547761,11.586683822173462,2.3604496741058516,11.545746097832325,-0.017210062143980097,11.620939151179199,0.001410007708077593,11.528512559625328,0.00028462379636475714
2010-12-28,11.639643,11.666429,11.609285,11.623929,175924000,2662.879883,7931.669922,1258.51001,6008.92,10292.62988,20025.41992,789.460022,22621.73047,2732.98999,91.489998,1405.199951,17.52,80.36,181.089996,181.089996,28.01,11.560867428571427,11.444217666666667,-0.12551217616953458,0.12073702452491876,11.685691715716505,11.202743617616829,11.611513940724487,2.363108909729819,11.585485454051373,-0.016398131207128002,11.67107932069214,0.003184411705888183,11.578572753268258,0.0004463852912060014
2010-12-29,11.650714,11.658929,11.610714,11.6175,163139200,2666.929932,7961.47998,1259.780029,5996.36,10344.54004,20256.0293,790.26001,22969.30078,2751.5271,91.120003,1413.099976,17.280001,79.8,183.369995,183.369995,27.969999,11.584745,11.458537380952382,-0.12919574339512252,0.09672934574353866,11.65199607243946,11.265078689465305,11.615504646908162,2.362503583205289,11.627976028370995,-0.015326924208082989,11.723977985410315,0.004740625771979979,11.63698812003582,0.000543109632341763
2010-12-30,11.624286,11.625357,11.5375,11.559286,157494400,2662.97998,7951.910156,1257.880005,5971.01,10228.91992,20389.07031,789.73999,22999.33984,2759.574951,89.839996,1405.599976,17.52,79.52,182.75,182.75,27.85,11.592143000000002,11.479812904761904,-0.13123445607231154,0.08898764461449836,11.6577881939909,11.301837615532907,11.578025548969388,2.3570056623558466,11.673161004778178,-0.014016209908645402,11.778037182585615,0.005981771607674929,11.701074839172014,0.0005616883499248226
2010-12-31,11.533929,11.552857,11.475357,11.52,193508000,2652.870117,7964.02002,1257.640015,5899.94,,20509.08984,783.650024,0.0,2808.076904,91.379997,1421.099976,17.75,79.03,180.0,180.0,27.91,11.583775714285713,11.490289095238095,-0.12108607293147067,0.08405434840709648,11.658397792052288,11.322180398423903,11.539341849656461,2.3532782073095637,11.720939009409188,-0.012489699923088717,11.831520858671468,0.006832759125263522,11.767881999021004,0.0005004472475058529
2011-01-03,11.63,11.795,11.601429,11.770357,445138400,2691.52002,8043.970215,1271.869995,5899.94,,20561.05078,798.559998,23436.05078,,91.550003,1422.599976,17.610001,79.13,184.220001,184.220001,27.98,11.606275714285715,11.509710857142856,-0.10814817897485618,0.09577993417684406,11.701270725496544,11.318150988789169,11.693351949885487,2.376797638251239,11.771160904279236,-0.010774560212239421,11.882666494865497,0.007244388206651287,11.834467752778766,0.00036908496541324115
2011-01-04,11.872857,11.875,11.719643,11.831786,309080800,2681.25,8022.180176,1270.199951,6013.87,10398.09961,20498.7207,785.830017,23668.48047,2852.647949,89.379997,1378.5,17.379999,79.44,185.009995,185.009995,28.09,11.645510428571429,11.533265285714284,-0.12799178421274604,0.11641829675746879,11.766101879229222,11.300428692199347,11.785641316628494,2.3824849596970656,11.8236271954401,-0.008900856354331856,11.929801953501348,0.007195587278839391,11.898145233162607,0.00018700558224869364
2011-01-05,11.769643,11.940714,11.767858,11.928572,255519600,2702.199951,8040.040039,1276.560059,6043.86,10380.76953,20301.09961,795.090027,23757.82031,2839.220947,90.300003,1373.400024,17.02,80.26,187.419998,187.419998,28.0,11.693061428571427,11.55681976190476,-0.11949949381738634,0.13838207714542095,11.833583916195602,11.28005560761392,11.880928438876166,2.3913806440647574,11.878086177211392,-0.006900947842633444,11.971459581634734,0.0066938463961321365,11.956674481721445,-1.961584868923579e-05
2011-01-06,11.954286,11.973214,11.889286,11.918928,300428800,2709.889893,8000.899902,1273.849976,6019.51,10529.75977,20184.74023,791.419983,23786.30078,2824.197021,88.379997,1371.400024,17.4,80.79,185.860001,185.860001,28.82,11.735204142857144,11.583214285714286,-0.13879401360114052,0.15684708641125505,11.896908458536796,11.269520112891776,11.906261479625387,2.390497796999748,11.934232920786993,-0.004808848281759246,12.00647994435443,0.005774017421602423,12.008385384453714,-0.00022157195528499065
2011-01-07,11.928214,12.0125,11.853572,12.004286,311931200,2703.169922,7980.319824,1271.5,5984.33,10541.04004,19691.81055,787.830017,23686.63086,2838.801025,88.029999,1368.5,17.139999,81.01,185.490005,185.490005,28.6,11.790459285714286,11.608911571428571,-0.1423979131539248,0.17682643684732471,11.96256444512322,11.255258697733922,11.97161115987513,2.398284833273471,11.99170919675691,-0.0026595692256483846,12.034098420968746,0.004495711570658979,12.052226684848385,-0.0003906531186288788
2011-01-10,12.101071,12.258214,12.041785,12.230357,448560000,2707.800049,7966.089844,1269.75,5956.3,,19224.11914,791.580017,23527.25977,2791.809082,89.25,1373.699951,17.540001,80.88,184.679993,184.679993,28.219999,11.88632657142857,11.647499999999999,-0.15257861043863663,0.21875739972719857,12.085014799454397,11.209985200545601,12.144108386625042,2.418620558093685,12.050104397757615,-0.0004884654581575806,12.05400913415242,0.002939534384105216,12.087746189158608,-0.0005034604063578455
2011-01-11,12.317142,12.32,12.123929,12.201428,444108000,2716.830078,8018.680176,1274.47998,6014.03,10510.67969,19196.33984,794.76001,23760.33984,2804.047119,91.110001,1384.0,16.889999,80.85,184.339996,184.339996,28.110001,11.98367342857143,11.683350333333333,-0.192727437071623,0.24613686745496374,12.17562406824326,11.191076598423406,12.182321462208348,2.4160412701736145,12.108957500737006,0.001669401239047371,12.066402145470942,0.0012023781854328098,12.115015958611169,-0.0005445367812015873
2011-01-12,12.258928,12.301071,12.214286,12.300714,302590400,2737.330078,8122.97998,1285.959961,6050.72,10512.79981,19534.09961,801.359985,24125.60938,2821.304932,91.860001,1385.699951,16.24,80.03,184.080002,184.080002,28.549999,12.059438714285715,11.72204080952381,-0.20699468194070647,0.27323882707533187,12.268518463674473,11.175563155373146,12.261249820736117,2.4248659095628615,12.16776007956116,0.003779864297105271,12.07197141018001,-0.0006080365466118739,12.134522482663867,-0.0005084315763676239
2011-01-13,12.327143,12.38,12.280357,12.345715,296780400,2735.290039,8119.430176,1283.76001,6023.88,10589.75977,19182.82031,800.650024,24238.98047,2827.711914,91.400002,1386.900024,16.389999,79.19,185.529999,185.529999,28.190001,12.132857142857144,11.765221095238095,-0.22249872053019537,0.2957832991439861,12.356787693526067,11.173654496950123,12.317559940245372,2.4288401396042243,12.225960349357546,0.005810207164116579,12.071892540677059,-0.0023791970350893693,12.147044772443298,-0.00040043065420008057
2011-01-14,12.353214,12.445714,12.301429,12.445714,308840000,2755.300049,8174.120117,1293.23999,6002.07,10499.04004,18860.43945,807.570007,24283.23047,2791.343994,91.540001,1360.400024,15.46,79.16,188.75,188.75,28.299999,12.206734571428571,11.81304423809524,-0.2285019098362664,0.3212879672216942,12.455620172538628,11.17046830365185,12.40299598008179,2.4376153367797477,12.28296819550464,0.007729659947583607,12.067770917171497,-0.004000229369368684,12.153542665803064,-0.00023584010875342927
2011-01-18,11.768572,12.312857,11.642858,12.166072,1880998000,2765.850098,8190.910156,1295.02002,6056.43,10518.98047,19092.05078,807.559998,24153.98047,2708.979004,91.379997,1368.099976,15.87,78.96,191.25,191.25,28.66,12.242040857142856,11.846037476190476,-0.16031687534135663,0.3165974706318132,12.479232417454103,11.21284253492685,12.245046660027263,2.4128798950135373,12.338161113824238,0.009509830065108605,12.061562075175084,-0.005368502376758337,12.155073538883107,-3.78951148754028e-05
2011-01-19,12.441072,12.45,12.031428,12.101429,1135612800,2725.360107,8104.919922,1281.920044,5976.7,10557.09961,18978.32031,786.890015,24419.61914,2758.096924,90.860001,1370.199951,17.309999,78.64,186.869995,186.869995,28.469999,12.255918428571428,11.877040904761904,-0.20878866698401488,0.3089817081658572,12.495004321093617,11.25907748843019,12.14930155334242,2.407073838770907,12.39089096535845,0.011125062100992842,12.055467589151544,-0.006396110878933652,12.152748693450949,0.00016544489186985656
2011-01-20,12.015357,12.082143,11.79,11.881429,764789200,2704.290039,8076.720215,1280.26001,5867.91,10437.30957,19046.53906,778.080017,24003.69922,2677.6521,88.860001,1346.5,17.99,78.82,181.960007,181.960007,28.35,12.206071571428572,11.894847047619049,-0.19905835151524975,0.2999193930858169,12.494685833790683,11.295008261447414,11.97071985111414,2.3870575747149676,12.44049142989147,0.012552725012779837,12.05181087414866,-0.007015857496932507,12.147731966224946,0.0003453893112832937
2011-01-21,11.920357,11.96,11.665358,11.668571,754401200,2689.540039,8105.75,1283.349976,5896.25,10274.51953,19007.5293,773.179993,23876.85938,2715.293945,89.110001,1341.0,18.469999,78.21,177.419998,177.419998,28.02,12.129949142857143,11.899132761904761,-0.1918448159086914,0.2972546635054236,12.493642088915609,11.304623434893914,11.769287283704713,2.3673021294468097,12.486286027566928,0.013773427537502495,12.052898457364318,-0.007186271470509208,12.141273905519618,0.00047636430622980704
2011-01-24,11.673928,12.051785,11.668571,12.051785,574683200,2717.550049,8157.419922,1290.839966,5943.85,10345.11035,19151.2793,779.280029,23801.7793,2695.718994,87.870003,1344.5,17.65,78.05,176.850006,176.850006,28.379999,12.094387857142857,11.920034095238096,-0.12057743111221164,0.28642975956605854,12.492893614370214,11.347174576105978,11.957619094568239,2.402591953379368,12.527596567724174,0.014771164987847097,12.060873323869668,-0.006895160082500633,12.134766614607631,0.000539650654457489
2011-01-25,12.011786,12.194285,11.948929,12.192857,546868000,2719.25,8141.129883,1291.180054,5917.71,10464.41992,18969.44922,779.960022,23788.83008,2677.431885,86.190002,1332.300049,17.59,78.0,176.699997,176.699997,28.450001,12.072551,11.95030619047619,-0.1005892090299163,0.27990119667628727,12.510108583828766,11.390503797123616,12.114444364856078,2.4152758069834745,12.563751878334191,0.015533402519588143,12.077567867622005,-0.0061612151101206325,12.12979840977101,0.0005260961280865233
2011-01-26,12.248571,12.342857,12.196428,12.280357,506875600,2739.5,8193.639648,1296.630005,5969.21,10401.90039,,793.719971,23843.24023,2708.813965,87.330002,1333.0,16.639999,77.9,175.389999,175.389999,28.780001,12.048928571428572,11.982908190476191,-0.11166600165177876,0.2758850962154487,12.534678382907089,11.431137998045294,12.22505278828536,2.423062894505266,12.594096667850279,0.01605110135054563,12.104364677727133,-0.0050333161925734055,12.128184826064361,0.00043750697541034293
2011-01-27,12.277857,12.310357,12.243929,12.2575,285026000,2755.280029,8207.05957,1299.540039,5965.08,10478.66016,18684.42969,795.429993,23779.61914,2749.149902,85.639999,1318.400024,16.15,77.73,184.449997,184.449997,28.870001,12.061989714285716,12.013078238095238,-0.12490828703320389,0.26601958653277924,12.545117411160795,11.48103906502968,12.246684262761788,2.4210345731935896,12.618000373438582,0.01631869531289481,12.142073708349514,-0.003587388247001103,12.131953803405326,0.0002864946472863836
2011-01-28,12.291785,12.3,11.911786,12.003572,592057200,2686.889893,8062.640137,1276.339966,5881.37,10360.33984,18395.9707,775.400024,23617.01953,2752.75,89.339996,1340.699951,20.040001,78.13,171.139999,171.139999,27.75,12.048010142857143,12.031462619047618,-0.15504430592664065,0.24184384602800701,12.515150311103632,11.547774926991604,12.084609420920595,2.398219947358608,12.63486585486612,0.016334025551265854,12.190834147934158,-0.0019209569068698174,12.143268116841988,9.475716038974746e-05
2011-01-31,11.992857,12.144286,11.939285,12.118571,377246800,2700.080078,8139.160156,1286.119995,5862.94,10237.91992,18327.75977,781.25,23447.33984,2790.694092,92.190002,1333.800049,19.530001,77.73,169.639999,169.639999,27.73,12.08188757142857,12.058095238095238,-0.12566527443324915,0.2066139096445861,12.47132305738441,11.644867418806065,12.107250473640198,2.4086167733704347,12.644137801205769,0.016098241188160813,12.250048383315898,-0.000145853505414656,12.164276722004788,-0.00011000850475090181
2011-02-01,12.189285,12.344643,12.177857,12.3225,426633200,2751.189941,8290.089844,1307.589966,5957.82,10274.5,18022.2207,798.890015,23482.94922,2798.959961,90.769997,1339.599976,17.629999,77.07,172.110001,172.110001,27.99,12.175306,12.096309523809524,-0.11489647434546946,0.19911115428354073,12.494531832376605,11.698087215242442,12.250750157880065,2.426791896448232,12.645310727385016,0.015615673430336124,12.31835380388907,0.0016202169821240829,12.196897613144474,-0.0002981550124886864
2011-02-02,12.301785,12.330358,12.269643,12.297143,258955200,2749.560059,8272.570313,1304.030029,6000.07,10457.36035,18090.61914,796.159973,0.0,,90.860001,1331.5,17.299999,77.16,173.529999,173.529999,27.940001,12.210357142857143,12.12139457142857,-0.12281790272109916,0.1916170644276874,12.504628700283945,11.738160442573196,12.281678719293355,2.424549861892525,12.637936448911852,0.014893689955880595,12.393635900061922,0.0032623775874676486,12.242546618200144,-0.0004425074193018228
2011-02-03,12.278571,12.294286,12.091071,12.265715,393797600,2753.879883,8289.049805,1307.099976,5983.34,10431.36035,18449.31055,798.630005,,,90.540001,1352.300049,16.690001,77.75,173.710007,173.710007,27.65,12.220765428571427,12.142057857142857,-0.1264340498626435,0.18719895269139633,12.51645576252565,11.767659951760065,12.27103623976445,2.421764042797666,12.621630935375295,0.01394253557299514,12.47308340058006,0.004676674178411027,12.301837683563958,-0.0005224654515529474
2011-02-04,12.272857,12.382143,12.268214,12.375,321840400,2769.300049,8288.5,1310.869995,5997.38,10543.51953,18008.15039,800.109985,,,89.029999,1348.300049,15.93,78.04,175.929993,175.929993,27.77,12.234285857142856,12.163316333333333,-0.11899854553523603,0.18498421597154807,12.533284765276429,11.793347901390236,12.340345413254816,2.431417964837014,12.596080456127137,0.012775164143860462,12.553283373356644,0.005776822477495411,12.374289046522742,-0.0005270968194905744
2011-02-07,12.424643,12.616072,12.415714,12.567142,485021600,2783.98999,8336.639648,1319.050049,6051.03,10592.04004,18037.18945,808.320007,23553.58984,,87.480003,1347.599976,16.280001,78.03,176.429993,176.429993,28.200001,12.278520428571428,12.194183666666666,-0.11977171604672243,0.1997831294364177,12.593749925539502,11.79461740779383,12.491543137751606,2.4481684925411877,12.561046944570109,0.011407065678166694,12.63035160475361,0.006499108353589992,12.458074876707684,-0.0004566808426871537
2011-02-08,12.631429,12.697143,12.576786,12.685715,381040800,2797.050049,8379.849609,1324.569946,6091.33,10635.98047,17775.69922,813.690002,23484.30078,,86.940002,1363.400024,15.81,78.0,183.059998,183.059998,28.280001,12.375969428571429,12.226632666666669,-0.14041861608323813,0.22706740610232917,12.680767478871328,11.77249785446201,12.620991045917203,2.4583671556780806,12.51637252043733,0.009856091368087894,12.700091431777327,0.006805230478542276,12.54986248429225,-0.00032244126246031685
2011-02-09,12.685357,12.821428,12.673928,12.791429,482745200,2789.070068,8343.990234,1320.880005,6052.29,10617.83008,17592.76953,809.27002,23164.0293,2774.064941,86.709999,1364.800049,15.87,77.64,185.300003,185.300003,27.969999,12.472092,12.25335038095238,-0.15484199979516688,0.2596360642505515,12.772622509453484,11.734078252451276,12.734616348639067,2.467372911615136,12.461983122142593,0.00814227819698204,12.758172681697431,0.006683145114142973,12.6447705506264,-0.0001445600595882915
2011-02-10,12.763928,12.857142,12.428572,12.662143,928550000,2790.449951,8337.129883,1321.869995,6020.01,10605.65039,17463.03906,812.700012,22708.61914,2818.163086,86.730003,1361.900024,16.09,78.25,186.210007,186.210007,27.5,12.520612428571427,12.27528919047619,-0.18483363453717594,0.27503748574988696,12.825364161975964,11.725214218976417,12.68630078287969,2.456347954772462,12.397891213552272,0.006287673635216128,12.800321511276374,0.006146178302825807,12.736474156764224,5.1103547406763624e-05
2011-02-11,12.669642,12.778571,12.626429,12.744643,367572800,2809.439941,8374.889648,1329.150024,6062.9,,17728.60938,822.109985,22828.91992,2827.327881,85.580002,1359.900024,15.69,78.46,189.25,189.25,27.25,12.584541000000002,12.296428666666667,-0.1867682443243428,0.2943017647562633,12.885032196179194,11.70782513715414,12.72519559429323,2.4633972217357565,12.324197541260238,0.0043161598581502696,12.82251168229348,0.005230788040075588,12.817468437335716,0.00023694667007561184
2011-02-14,12.7425,12.838572,12.739643,12.827857,310416400,2817.179932,8405.150391,1332.319946,6060.09,10725.54004,18202.19922,825.900024,23121.06055,2899.134033,84.809998,1364.599976,15.95,78.61,190.419998,190.419998,27.23,12.664847,12.31938780952381,-0.19034572728864596,0.31625845425444604,12.951904718032702,11.686870901014919,12.793636531431076,2.47045751196111,12.241091929544428,0.002253275897924405,12.821148063827117,0.003993389373219659,12.87948584815369,0.0003875164701099861
2011-02-15,12.828215,12.856071,12.769643,12.853572,284174800,2804.350098,8383.669922,1328.01001,6037.08,10746.66992,18273.80078,820.030029,22899.7793,2899.237061,84.32,1373.599976,16.370001,78.57,189.029999,189.029999,26.959999,12.73321442857143,12.33880961904762,-0.20128878368973346,0.33617569911712153,13.011161017281863,11.666458220813377,12.833593510477025,2.4726292567580153,12.148853110579203,0.00012603518401624748,12.793233808443363,0.002506617073864165,12.914044151622546,0.00048278210362059384
2011-02-16,12.885715,13.032143,12.875,12.968928,481157600,2825.560059,8453.759766,1336.319946,6085.27,10808.29004,18300.90039,828.369995,23156.9707,2923.895996,84.989998,1374.699951,16.719999,78.22,186.619995,186.619995,27.02,12.79061242857143,12.377040857142859,-0.20758076981600304,0.35801755555652937,13.093075968255917,11.661005746029801,12.923816503492342,2.4823139583329947,12.047847597112572,-0.002037264950087645,12.736513617487816,0.0008553193598167568,12.913085390611473,0.0005104151140725704
2011-02-17,12.758928,12.866786,12.732857,12.796429,530583200,2831.580078,8497.410156,1340.430054,6087.38,10836.63965,18506.82031,834.02002,23301.83984,2926.964111,86.360001,1384.699951,16.59,78.0,187.759995,187.759995,27.209999,12.806428714285714,12.410136095238096,-0.20246856163958604,0.3478150142144365,13.10576612366697,11.714506066809223,12.838891501164113,2.467796858552148,11.938527613647578,-0.00420724599967736,12.64958672111456,-0.0008675225297890637,12.869652420703291,0.00046694269690347794
2011-02-18,12.811071,12.839286,12.482857,12.52,816057200,2833.949951,8507.900391,1343.01001,6082.99,10842.79981,18211.51953,834.820007,23595.24023,2899.791992,86.199997,1388.199951,16.43,77.66,186.5,186.5,27.059999,12.767653142857144,12.440544238095237,-0.22422687410320208,0.2973053952455056,13.035155028586248,11.845933447604226,12.626297167054704,2.444084655267745,11.82142811015744,-0.006353668132418752,12.531984601355848,-0.002564849922629588,12.778540804119428,0.000357827656701421
2011-02-22,12.219643,12.335714,12.061429,12.093214,872555600,2756.419922,8325.860352,1315.439941,5996.76,10664.7002,18296.16016,812.960022,22990.81055,2855.516113,93.57,1400.5,20.799999,77.77,180.419998,180.419998,26.59,12.68637757142857,12.460765333333333,-0.18266070847354854,0.29430023927064247,13.049365811874617,11.872164854792048,12.270908389018233,2.4063335700155006,11.697162889493722,-0.008445672531002056,12.38421004129407,-0.004139537431238236,12.63686133014982,0.00019663896441676835
2011-02-23,12.098928,12.308572,12.093214,12.236428,671854400,2722.98999,8292.919922,1307.400024,5923.53,10579.09961,18178.33008,799.650024,22906.90039,2862.63501,98.099998,1413.400024,22.129999,77.41,176.679993,176.679993,26.59,12.613775428571428,12.469557857142858,-0.12027379016863371,0.2922071597618484,13.053972176666555,11.885143537619161,12.247921463006078,2.419161000364154,11.566419885914263,-0.010452051946889935,12.20773575154662,-0.005498392237558966,12.444452740206069,3.5070235598287494e-06
2011-02-24,12.286428,12.326786,12.084642,12.245714,499900800,2737.899902,8276.290039,1306.099976,5919.98,10452.70996,17632.41016,804.179993,22601.03906,2878.603027,97.279999,1415.300049,21.32,77.06,177.75,177.75,26.77,12.530612142857143,12.472074857142857,-0.09661585776331094,0.2935735482177105,13.059221953578279,11.884927760707436,12.246449821002026,2.41998707828218,11.429955637590721,-0.012341555250041355,12.004962564045659,-0.006556198286593756,12.204095268667416,-0.00019696867164086592
2011-02-25,12.286428,12.326786,12.084642,12.245714,499900800,2737.899902,8276.290039,1306.099976,5919.98,10452.70996,17632.41016,804.179993,22601.03906,2878.603027,97.279999,1415.300049,21.32,77.06,177.75,177.75,26.77,12.443775285714285,12.470425190476188,-0.07744338279083607,0.29405862444102354,13.058542439358236,11.88230794159414,12.24595927366734,2.41998707828218,11.28858900061762,-0.014083231508221675,11.779138943673711,-0.007239850763177193,11.921492473457228,-0.00037824037256100414
2011-02-26,12.286428,12.326786,12.084642,12.245714,499900800,2737.899902,8276.290039,1306.099976,5919.98,10452.70996,17632.41016,804.179993,22601.03906,2878.603027,97.279999,1415.300049,21.32,77.06,177.75,177.75,26.77,12.340459,12.469863952380953,-0.06200364478639564,0.2779052076808692,13.025674367742692,11.914053537019214,12.245795757889113,2.41998707828218,11.143194156050845,-0.015646818467297888,11.53424529634611,-0.007492578981904472,11.605009954607812,-0.0005146765287791755
2011-02-27,12.286428,12.326786,12.084642,12.245714,499900800,2737.899902,8276.290039,1306.099976,5919.98,10452.70996,17632.41016,804.179993,22601.03906,2878.603027,97.279999,1415.300049,21.32,77.06,177.75,177.75,26.77,12.261785428571429,12.481394523809524,-0.0496643671884307,0.27023327199156194,13.021861067792647,11.9409279798264,12.245741252629704,2.41998707828218,10.994692965029225,-0.017003179133190688,11.274848188885876,-0.0072781713176947324,11.265182854175874,-0.0005846718425404826
2011-02-28,12.286428,12.326786,12.084642,12.245714,499900800,2737.899902,8276.290039,1306.099976,5919.98,10452.70996,17632.41016,804.179993,22601.03906,2878.603027,97.279999,1415.300049,21.32,77.06,177.75,177.75,26.77,12.222601714285714,12.487448952380952,-0.03989484374669239,0.2734076786701928,13.034264309721337,11.940633595040566,12.245723084209901,2.41998707828218,10.844046730321098,-0.018124788375620097,11.005931078434957,-0.0065849965889476164,10.914027099937583,-0.0005738203043422758
